Timestamp,User Count,Type,Name,Requests/s,Failures/s,50%,66%,75%,80%,90%,95%,98%,99%,99.9%,99.99%,100%,Total Request Count,Total Failure Count,Total Median Response Time,Total Average Response Time,Total Min Response Time,Total Max Response Time,Total Average Content Size
1691175780,0,,Aggregated,0.000000,0.000000,N/A,N/A,N/A,N/A,N/A,N/A,N/A,N/A,N/A,N/A,N/A,0,0,0,0.0,0,0,0
1691175781,10,,Aggregated,0.000000,0.000000,420,440,450,450,460,460,460,460,460,460,460,24,0,400.0,319.05340216666673,81.22514100000001,461.9165750000001,48901.125
1691175783,10,,Aggregated,10.000000,0.000000,290,420,440,450,460,1200,2200,2200,2200,2200,2200,37,0,290.0,349.3870387297297,81.22514100000001,2173.2373260000004,49039.78378378379
1691175784,10,,Aggregated,10.000000,0.000000,310,440,450,450,460,2200,2300,2300,2300,2300,2300,38,0,290.0,400.6779691052631,81.22514100000001,2298.4423930000003,48702.68421052631
1691175786,10,,Aggregated,12.000000,0.000000,190,330,440,450,1000,1100,2200,2300,2300,2300,2300,63,0,190.0,360.2181984444442,39.499915000000385,2298.4423930000003,58519.857142857145
1691175787,10,,Aggregated,9.500000,0.000000,190,330,440,450,1000,1100,2200,2300,2300,2300,2300,66,0,180.0,359.97265484848464,39.499915000000385,2298.4423930000003,60662.21212121212
1691175788,10,,Aggregated,8.800000,0.000000,160,210,420,440,830,1000,2200,2300,2300,2300,2300,81,0,160.0,313.2454170370369,30.91458100000022,2298.4423930000003,52313.049382716046
1691175789,10,,Aggregated,8.800000,0.000000,160,210,420,440,830,1000,2200,2300,2300,2300,2300,81,0,160.0,313.2454170370369,30.91458100000022,2298.4423930000003,52313.049382716046
1691175790,10,,Aggregated,9.428571,0.000000,150,210,400,440,830,1000,2200,2300,2300,2300,2300,88,0,130.0,297.68694153409075,30.91458100000022,2298.4423930000003,54424.079545454544
1691175791,10,,Aggregated,10.125000,0.000000,150,230,330,440,750,1000,2200,2300,2300,2300,2300,97,0,150.0,292.65793309278337,30.91458100000022,2298.4423930000003,50872.81443298969
1691175792,10,,Aggregated,8.800000,0.000000,130,210,330,440,820,1000,1200,2200,2300,2300,2300,107,0,130.0,291.57379394392507,30.91458100000022,2298.4423930000003,50472.63551401869
1691175793,10,,Aggregated,8.700000,0.000000,130,210,330,440,820,1000,1200,2200,2300,2300,2300,119,0,130.0,293.28639917647035,30.91458100000022,2298.4423930000003,53391.90756302521
1691175795,10,,Aggregated,7.000000,0.000000,140,220,330,450,800,1000,1200,2200,2300,2300,2300,129,0,140.0,293.861999589147,30.91458100000022,2298.4423930000003,54927.3023255814
1691175796,10,,Aggregated,8.500000,0.000000,120,210,330,440,800,1000,1500,2200,2300,2300,2300,146,0,120.0,288.3603465205477,30.91458100000022,2298.4423930000003,56550.0
1691175797,10,,Aggregated,8.500000,0.000000,120,210,320,440,760,1000,1200,2200,2300,2300,2300,151,0,120.0,282.5454676622513,30.91458100000022,2298.4423930000003,55202.470198675495
1691175798,10,,Aggregated,8.500000,0.000000,120,200,320,440,760,1000,1200,2200,2300,2300,2300,159,0,120.0,275.2324904213834,30.91458100000022,2298.4423930000003,56806.6855345912
1691175799,10,,Aggregated,8.400000,0.000000,120,200,310,420,710,1000,1200,2200,2300,2300,2300,171,0,120.0,268.08145660818684,30.91458100000022,2298.4423930000003,55864.69005847953
1691175800,10,,Aggregated,7.800000,0.000000,110,200,290,330,700,950,1200,2200,2300,2300,2300,190,0,110.0,253.08720920526287,30.91458100000022,2298.4423930000003,54893.68421052631
1691175801,10,,Aggregated,8.700000,0.000000,110,200,290,320,670,950,1200,2200,2300,2300,2300,196,0,110.0,249.2421168112242,30.91458100000022,2298.4423930000003,54831.56122448979
1691175802,10,,Aggregated,9.700000,0.000000,110,190,280,320,570,930,1100,1500,2300,2300,2300,204,0,110.0,243.36836155882327,30.91458100000022,2298.4423930000003,53345.794117647056
1691175803,10,,Aggregated,9.700000,0.000000,110,190,260,310,560,930,1100,1500,2300,2300,2300,214,0,110.0,236.80416764953247,30.91458100000022,2298.4423930000003,54122.14953271028
1691175804,10,,Aggregated,9.500000,0.000000,100,170,210,300,480,840,1100,1500,2300,2300,2300,229,0,100.0,225.89193662008708,30.668432999998885,2298.4423930000003,55278.24890829694
1691175805,10,,Aggregated,9.500000,0.000000,100,170,220,300,480,840,1100,1500,2300,2300,2300,235,0,100.0,225.29135897872314,30.668432999998885,2298.4423930000003,56288.27234042553
1691175807,10,,Aggregated,9.600000,0.000000,100,160,220,300,480,830,1100,1500,2300,2300,2300,243,0,100.0,223.3920781481479,30.668432999998885,2298.4423930000003,56008.102880658436
1691175808,10,,Aggregated,10.700000,0.000000,100,160,220,290,460,830,1000,1500,2300,2300,2300,258,0,100.0,218.71105140310047,30.668432999998885,2298.4423930000003,54771.135658914725
1691175809,10,,Aggregated,9.300000,0.000000,100,160,220,290,460,820,1000,1500,2300,2300,2300,264,0,100.0,216.24186885984818,30.668432999998885,2298.4423930000003,54064.17424242424
1691175810,10,,Aggregated,9.700000,0.000000,100,160,210,290,460,820,1000,1500,2300,2300,2300,277,0,100.0,212.07266682671457,30.668432999998885,2298.4423930000003,55056.27436823105
1691175811,10,,Aggregated,9.400000,0.000000,100,150,210,290,460,800,1000,1500,2300,2300,2300,290,0,100.0,208.11337877931007,30.668432999998885,2298.4423930000003,55332.558620689655
1691175812,10,,Aggregated,8.800000,0.000000,100,150,210,280,450,800,1000,1500,2300,2300,2300,300,0,100.0,204.28523335666637,30.668432999998885,2298.4423930000003,55435.29
1691175813,10,,Aggregated,9.100000,0.000000,100,140,200,260,450,760,1000,1200,2300,2300,2300,312,0,100.0,199.53249360256385,30.668432999998885,2298.4423930000003,55081.2467948718
1691175814,10,,Aggregated,9.800000,0.000000,100,140,200,260,450,760,1000,1200,2300,2300,2300,317,0,100.0,198.40640403785463,30.668432999998885,2298.4423930000003,55212.801261829656
1691175815,10,,Aggregated,9.900000,0.000000,100,140,200,230,440,710,1000,1200,2300,2300,2300,341,0,100.0,193.38244446627547,30.668432999998885,2298.4423930000003,56527.284457478
1691175816,10,,Aggregated,9.600000,0.000000,100,130,200,220,440,710,1000,1200,2300,2300,2300,347,0,100.0,191.35484928242056,30.668432999998885,2298.4423930000003,56637.46685878962
1691175817,10,,Aggregated,9.900000,0.000000,100,130,200,220,440,700,1000,1200,2300,2300,2300,362,0,100.0,187.54342634530363,30.668432999998885,2298.4423930000003,55695.6408839779
1691175819,10,,Aggregated,10.400000,0.000000,100,130,200,220,440,700,1000,1200,2300,2300,2300,366,0,100.0,187.18669521038228,30.668432999998885,2298.4423930000003,55255.043715846994
1691175820,10,,Aggregated,10.500000,0.000000,100,130,190,220,420,670,1000,1200,2300,2300,2300,383,0,100.0,184.07623293211464,30.668432999998885,2298.4423930000003,56227.48825065274
1691175821,10,,Aggregated,10.400000,0.000000,100,130,190,210,420,670,1000,1200,2300,2300,2300,397,0,100.0,182.21190776826168,30.668432999998885,2298.4423930000003,57077.8765743073
1691175822,10,,Aggregated,11.000000,0.000000,100,130,190,220,400,590,1000,1100,2300,2300,2300,414,0,100.0,181.33974795169055,30.668432999998885,2298.4423930000003,58094.1038647343
1691175823,10,,Aggregated,11.100000,0.000000,100,130,190,220,440,700,1000,1100,2300,2300,2300,429,0,100.0,186.73304539627014,30.668432999998885,2298.4423930000003,58773.77855477855
1691175824,10,,Aggregated,11.400000,0.000000,100,130,190,220,440,700,1000,1100,2300,2300,2300,438,0,100.0,186.1310506506846,30.668432999998885,2298.4423930000003,59160.57077625571
1691175825,10,,Aggregated,11.300000,0.000000,100,130,190,220,420,670,950,1100,2300,2300,2300,455,0,100.0,183.38184107472503,30.668432999998885,2298.4423930000003,59362.22417582417
1691175826,10,,Aggregated,12.000000,0.000000,100,130,190,220,410,590,950,1100,2300,2300,2300,462,0,100.0,182.65572451731578,30.668432999998885,2298.4423930000003,59158.1277056277
1691175827,10,,Aggregated,11.900000,0.000000,100,130,190,220,420,620,950,1100,2300,2300,2300,477,0,100.0,182.24215919287195,30.668432999998885,2298.4423930000003,58989.84905660377
1691175828,10,,Aggregated,11.800000,0.000000,100,130,190,220,420,590,950,1100,2300,2300,2300,493,0,100.0,183.1490206328599,30.668432999998885,2298.4423930000003,59443.64705882353
1691175829,10,,Aggregated,12.000000,0.000000,100,130,200,220,440,590,930,1000,2300,2300,2300,505,0,100.0,184.47769495841564,30.668432999998885,2298.4423930000003,59218.15049504951
1691175830,10,,Aggregated,12.100000,0.000000,100,130,190,220,440,590,930,1000,2300,2300,2300,520,0,100.0,182.08015490384597,30.668432999998885,2298.4423930000003,58705.74615384615
1691175831,10,,Aggregated,12.800000,0.000000,100,130,190,220,420,580,930,1000,2300,2300,2300,529,0,100.0,181.1148433383741,30.668432999998885,2298.4423930000003,58750.66162570888
1691175832,10,,Aggregated,12.500000,0.000000,100,130,190,220,420,580,930,1000,2300,2300,2300,535,0,100.0,180.5660257102802,30.668432999998885,2298.4423930000003,58454.98691588785
1691175833,10,,Aggregated,12.600000,0.000000,100,130,190,210,410,570,930,1000,2300,2300,2300,548,0,100.0,178.91143754014578,30.668432999998885,2298.4423930000003,58578.28284671533
1691175834,10,,Aggregated,12.000000,0.000000,100,130,190,220,410,570,840,1000,2300,2300,2300,560,0,100.0,178.61246185535688,30.668432999998885,2298.4423930000003,58894.58928571428
1691175836,10,,Aggregated,11.300000,0.000000,100,130,200,220,410,570,840,1000,2300,2300,2300,565,0,100.0,179.87469707787588,30.668432999998885,2298.4423930000003,58558.638938053096
1691175837,10,,Aggregated,11.600000,0.000000,100,130,190,220,410,570,840,1000,2300,2300,2300,575,0,100.0,178.86254235130409,29.785934999999597,2298.4423930000003,58174.41217391304
1691175838,10,,Aggregated,10.600000,0.000000,100,130,190,220,410,570,840,1000,2300,2300,2300,588,0,100.0,177.71907908333307,29.785934999999597,2298.4423930000003,58154.83163265306
1691175839,10,,Aggregated,10.600000,0.000000,100,130,190,220,410,570,840,1000,2300,2300,2300,597,0,100.0,177.83160474036822,29.785934999999597,2298.4423930000003,58418.53266331658
1691175840,10,,Aggregated,10.400000,0.000000,100,130,190,220,410,560,830,1000,2300,2300,2300,607,0,100.0,177.26356102965377,29.785934999999597,2298.4423930000003,58604.12520593081
1691175841,10,,Aggregated,10.300000,0.000000,100,130,200,220,410,560,830,1000,2300,2300,2300,619,0,100.0,177.72845146365074,29.785934999999597,2298.4423930000003,58591.063004846525
1691175842,10,,Aggregated,9.600000,0.000000,100,130,190,220,410,560,830,1000,2300,2300,2300,626,0,100.0,176.88113840894533,29.785934999999597,2298.4423930000003,58074.723642172525
1691175843,10,,Aggregated,9.400000,0.000000,100,130,200,220,410,560,830,1000,2300,2300,2300,632,0,100.0,177.05289433069584,29.785934999999597,2298.4423930000003,58423.737341772154
1691175844,10,,Aggregated,9.200000,0.000000,100,130,200,220,410,560,830,1000,2300,2300,2300,639,0,100.0,176.30556497183065,29.785934999999597,2298.4423930000003,58325.190923317685
1691175845,10,,Aggregated,9.300000,0.000000,100,130,200,220,410,560,830,1000,2300,2300,2300,648,0,100.0,177.41524994753047,29.785934999999597,2298.4423930000003,58060.739197530864
1691175846,10,,Aggregated,8.400000,0.000000,100,130,200,220,410,560,820,1000,2300,2300,2300,662,0,100.0,178.63725008308117,29.785934999999597,2298.4423930000003,57737.91993957704
1691175847,10,,Aggregated,8.200000,0.000000,100,130,200,220,410,560,820,1000,2300,2300,2300,678,0,100.0,176.49490852212352,29.785934999999597,2298.4423930000003,57923.4616519174
1691175848,10,,Aggregated,9.000000,0.000000,100,130,200,220,400,560,820,1000,2300,2300,2300,684,0,100.0,175.73384704239726,29.785934999999597,2298.4423930000003,57879.07748538012
1691175849,10,,Aggregated,9.400000,0.000000,100,130,190,220,390,550,800,1000,2300,2300,2300,706,0,100.0,173.72673894334247,29.785934999999597,2298.4423930000003,57829.25637393768
1691175850,10,,Aggregated,9.400000,0.000000,100,130,190,220,390,550,800,1000,2300,2300,2300,715,0,100.0,172.97132741818152,29.785934999999597,2298.4423930000003,57701.159440559444
1691175851,10,,Aggregated,9.700000,0.000000,100,130,190,210,390,550,800,1000,2300,2300,2300,724,0,100.0,172.11476775414332,29.785934999999597,2298.4423930000003,57946.26519337016
1691175852,10,,Aggregated,10.700000,0.000000,100,130,200,220,390,550,800,1000,2300,2300,2300,736,0,100.0,173.5150859470105,29.785934999999597,2298.4423930000003,58200.29483695652
1691175853,10,,Aggregated,10.400000,0.000000,100,130,200,220,400,540,800,1000,2300,2300,2300,744,0,100.0,174.06204224193513,29.785934999999597,2298.4423930000003,58328.208333333336
1691175854,10,,Aggregated,10.200000,0.000000,100,130,200,220,390,540,760,1000,2300,2300,2300,756,0,100.0,173.0659976190472,29.785934999999597,2298.4423930000003,58695.444444444445
1691175855,10,,Aggregated,11.000000,0.000000,100,140,200,220,400,540,760,1000,2300,2300,2300,765,0,100.0,174.19214160261396,29.785934999999597,2298.4423930000003,58211.603921568625
1691175856,10,,Aggregated,11.000000,0.000000,100,140,200,220,400,540,760,1000,2300,2300,2300,769,0,100.0,174.0875219765926,29.785934999999597,2298.4423930000003,57917.7022106632
1691175857,10,,Aggregated,11.400000,0.000000,100,140,200,220,390,540,760,1000,2300,2300,2300,780,0,100.0,173.6363895692304,29.785934999999597,2298.4423930000003,57215.247435897436
1691175858,10,,Aggregated,11.400000,0.000000,100,140,200,220,390,540,760,1000,2300,2300,2300,794,0,100.0,172.80147292695173,29.785934999999597,2298.4423930000003,56757.61586901763
1691175859,10,,Aggregated,10.300000,0.000000,100,140,200,220,390,540,760,1000,2300,2300,2300,798,0,100.0,172.68492485839556,29.785934999999597,2298.4423930000003,56525.6992481203
1691175861,10,,Aggregated,10.200000,0.000000,100,140,200,220,390,530,760,1000,2300,2300,2300,804,0,100.0,172.5254564042284,29.785934999999597,2298.4423930000003,56850.77860696518
1691175863,10,,Aggregated,9.000000,0.000000,100,140,200,220,390,540,800,1000,2300,2300,2300,806,0,100.0,176.93132997766708,29.785934999999597,2298.4423930000003,56754.75558312655
1691175866,10,,Aggregated,7.800000,0.000000,100,140,200,230,400,570,1000,1900,2300,2300,2300,827,0,100.0,192.0011043736392,29.785934999999597,2308.4088690000044,57011.71100362757
1691175868,10,,Aggregated,6.700000,0.000000,100,140,200,230,410,570,1000,2000,2300,2300,2300,828,0,100.0,194.52142618357442,29.785934999999597,2308.4088690000044,56986.612318840576
1691175871,10,,Aggregated,5.600000,0.000000,110,150,200,240,420,620,1900,2300,2600,2600,2600,846,0,110.0,212.69535995508238,29.785934999999597,2584.0024540000004,57314.783687943265
1691175874,10,,Aggregated,4.200000,0.000000,110,150,200,240,440,700,2000,2300,3700,3700,3700,849,0,110.0,223.0389926148406,29.785934999999597,3724.218953999994,57199.971731448764
1691175875,10,,Aggregated,4.100000,0.000000,110,160,210,240,440,720,2000,2400,3800,3800,3800,871,0,110.0,239.2555301400685,29.785934999999597,3837.1696110000075,56774.051664753155
1691175876,10,,Aggregated,4.100000,0.000000,110,160,210,240,440,720,2000,2400,3800,3800,3800,872,0,110.0,239.0230037006877,29.785934999999597,3837.1696110000075,56709.03211009174
1691175877,10,,Aggregated,3.000000,0.000000,110,160,210,240,440,710,2000,2400,3800,3800,3800,883,0,110.0,237.4847316704413,29.785934999999597,3837.1696110000075,56587.07701019252
1691175879,10,,Aggregated,4.400000,0.000000,110,160,210,240,440,720,2200,2400,3800,3800,3800,887,0,110.0,239.75276391657238,29.785934999999597,3837.1696110000075,56585.89177001127
1691175882,10,,Aggregated,4.100000,0.000000,110,160,210,260,450,760,2300,2500,3800,3800,3800,901,0,110.0,249.89848128967773,29.785934999999597,3837.1696110000075,56528.27746947836
1691175884,10,,Aggregated,5.200000,0.000000,110,160,210,260,450,800,2300,2500,3800,3800,3800,903,0,110.0,255.9848934939088,29.785934999999597,3837.1696110000075,56445.5227021041
1691175888,10,,Aggregated,4.500000,0.000000,110,170,220,270,470,1000,2400,2600,3800,3800,3800,919,0,110.0,273.8545062241563,29.785934999999597,3837.1696110000075,56570.67791077258
1691175890,10,,Aggregated,4.500000,0.000000,110,170,220,270,460,1000,2400,2600,3800,3800,3800,929,0,110.0,272.9260271722278,29.785934999999597,3837.1696110000075,56303.49515608181
1691175893,10,,Aggregated,3.300000,0.000000,110,170,220,270,460,1000,2400,2600,3800,3800,3800,945,0,110.0,271.08765081481437,29.785934999999597,3837.1696110000075,56435.41058201058
1691175894,10,,Aggregated,3.000000,0.000000,110,170,220,270,470,1000,2400,2600,3800,3800,3800,947,0,110.0,275.36654511826777,29.785934999999597,3837.1696110000075,56504.75818373812
1691175895,10,,Aggregated,4.300000,0.000000,110,170,220,290,500,1100,2400,2600,3800,3800,3800,965,0,110.0,280.0544017119167,29.785934999999597,3837.1696110000075,56513.535751295334
1691175897,10,,Aggregated,4.500000,0.000000,110,170,220,290,500,1100,2400,2600,3800,3800,3800,972,0,110.0,279.9045119938267,29.785934999999597,3837.1696110000075,56436.92695473251
1691175898,10,,Aggregated,5.000000,0.000000,110,170,220,290,510,1100,2400,2600,3800,3800,3800,981,0,110.0,280.32361556065206,29.785934999999597,3837.1696110000075,56334.32415902141
1691175899,10,,Aggregated,5.500000,0.000000,110,170,220,290,510,1100,2400,2600,3800,3800,3800,993,0,110.0,278.27774687713975,29.785934999999597,3837.1696110000075,56080.69587109768
1691175900,10,,Aggregated,6.200000,0.000000,110,170,220,290,500,1100,2300,2500,3800,3800,3800,1005,0,110.0,276.7738196049749,29.785934999999597,3837.1696110000075,56151.46368159204
1691175901,10,,Aggregated,6.200000,0.000000,110,170,220,290,500,1100,2300,2500,3800,3800,3800,1014,0,110.0,276.13605388954625,29.785934999999597,3837.1696110000075,56509.922090729786
1691175902,10,,Aggregated,7.400000,0.000000,110,170,220,290,510,1100,2300,2500,3800,3800,3800,1023,0,110.0,276.43817300879743,29.785934999999597,3837.1696110000075,56464.44281524927
1691175903,10,,Aggregated,8.500000,0.000000,110,170,220,290,510,1100,2300,2500,3800,3800,3800,1030,0,110.0,276.5355918106794,29.785934999999597,3837.1696110000075,56168.77766990291
1691175904,10,,Aggregated,7.700000,0.000000,110,170,220,290,510,1100,2300,2500,3800,3800,3800,1037,0,110.0,276.77534568563135,29.785934999999597,3837.1696110000075,56581.27097396336
1691175906,10,,Aggregated,8.600000,0.000000,110,180,220,290,520,1100,2300,2500,3800,3800,3800,1043,0,110.0,278.76462244295277,29.785934999999597,3837.1696110000075,56863.555129434324
1691175907,10,,Aggregated,8.600000,0.000000,110,180,230,290,540,1100,2300,2500,3800,3800,3800,1056,0,110.0,281.43300386931793,29.785934999999597,3837.1696110000075,56731.427083333336
1691175908,10,,Aggregated,7.500000,0.000000,110,180,230,290,560,1100,2300,2500,3800,3800,3800,1069,0,110.0,281.44761075491084,29.785934999999597,3837.1696110000075,56915.40879326473
1691175909,10,,Aggregated,8.400000,0.000000,110,180,230,290,560,1100,2300,2500,3800,3800,3800,1075,0,110.0,281.14358181023215,29.785934999999597,3837.1696110000075,56671.78697674419
1691175910,10,,Aggregated,7.800000,0.000000,110,180,230,290,550,1100,2300,2500,3800,3800,3800,1085,0,110.0,280.0130736294928,29.785934999999597,3837.1696110000075,56743.48202764977
1691175911,10,,Aggregated,8.100000,0.000000,110,180,230,300,560,1100,2300,2500,3800,3800,3800,1095,0,110.0,282.24741705753394,29.785934999999597,3837.1696110000075,56803.572602739725
1691175913,10,,Aggregated,7.400000,0.000000,110,180,230,300,570,1100,2300,2500,3800,3800,3800,1099,0,110.0,282.0058767606912,29.785934999999597,3837.1696110000075,56715.186533212014
1691175914,10,,Aggregated,7.500000,0.000000,110,180,230,300,560,1100,2300,2500,3800,3800,3800,1108,0,110.0,281.0632846037904,29.785934999999597,3837.1696110000075,56338.17418772563
1691175915,10,,Aggregated,7.300000,0.000000,110,180,230,300,560,1100,2300,2500,3800,3800,3800,1116,0,110.0,280.09389536738325,29.785934999999597,3837.1696110000075,56264.890681003584
1691175916,10,,Aggregated,7.300000,0.000000,110,180,230,290,560,1100,2300,2500,3800,3800,3800,1133,0,110.0,278.32415271050286,29.785934999999597,3837.1696110000075,56175.32480141218
1691175917,10,,Aggregated,7.300000,0.000000,110,180,230,290,560,1100,2300,2500,3800,3800,3800,1139,0,110.0,277.21953631957837,29.785934999999597,3837.1696110000075,56212.866549604914
1691175918,10,,Aggregated,7.900000,0.000000,110,180,230,290,550,1000,2300,2500,3800,3800,3800,1156,0,110.0,274.6847137569203,29.785934999999597,3837.1696110000075,56325.3615916955
1691175919,10,,Aggregated,8.300000,0.000000,110,180,230,290,550,1000,2300,2500,3800,3800,3800,1171,0,110.0,273.9351974551665,29.785934999999597,3837.1696110000075,56603.45175064048
1691175920,10,,Aggregated,8.900000,0.000000,110,180,230,290,550,1000,2300,2500,3800,3800,3800,1179,0,110.0,272.9423578575063,29.785934999999597,3837.1696110000075,56531.44698897371
1691175922,10,,Aggregated,9.800000,0.000000,110,180,230,290,560,1000,2200,2400,3800,3800,3800,1201,0,110.0,272.9611121723563,29.785934999999597,3837.1696110000075,56995.15820149875
1691175923,10,,Aggregated,9.400000,0.000000,110,180,230,300,560,1000,2200,2400,3800,3800,3800,1208,0,110.0,273.4930343096026,29.785934999999597,3837.1696110000075,57022.96109271523
1691175924,10,,Aggregated,10.100000,0.000000,110,180,230,300,560,1000,2200,2400,3800,3800,3800,1218,0,110.0,273.360546914614,29.785934999999597,3837.1696110000075,56862.83087027915
1691175925,10,,Aggregated,10.400000,0.000000,110,180,240,300,560,1000,2200,2400,3800,3800,3800,1224,0,110.0,272.89925459640517,29.785934999999597,3837.1696110000075,56719.00326797386
1691175926,10,,Aggregated,10.900000,0.000000,110,180,230,300,560,1000,2200,2400,3800,3800,3800,1230,0,110.0,272.3453621650406,29.785934999999597,3837.1696110000075,56928.30650406504
1691175927,10,,Aggregated,10.800000,0.000000,110,180,240,300,570,1000,2200,2400,3800,3800,3800,1246,0,110.0,274.41351492054577,29.785934999999597,3837.1696110000075,57275.901284109146
1691175929,10,,Aggregated,10.700000,0.000000,110,180,240,300,570,1000,2200,2400,3800,3800,3800,1257,0,110.0,274.3433886014321,29.785934999999597,3837.1696110000075,57213.828957836115
1691175930,10,,Aggregated,10.800000,0.000000,110,180,240,310,570,1000,2200,2400,3800,3800,3800,1270,0,110.0,274.27780636692927,29.785934999999597,3837.1696110000075,57646.15905511811
1691175931,10,,Aggregated,9.600000,0.000000,110,180,240,310,580,1000,2200,2400,3800,3800,3800,1277,0,110.0,274.63465224197347,29.785934999999597,3837.1696110000075,57454.16523101018
1691175932,10,,Aggregated,9.200000,0.000000,110,180,240,310,580,970,2200,2400,3800,3800,3800,1292,0,110.0,273.3907795549535,29.785934999999597,3837.1696110000075,57593.70356037152
1691175933,10,,Aggregated,9.500000,0.000000,110,180,240,310,580,970,2200,2400,3800,3800,3800,1299,0,110.0,272.9646131231716,29.785934999999597,3837.1696110000075,57699.334103156274
1691175935,10,,Aggregated,9.000000,0.000000,110,180,240,310,590,950,2200,2400,3800,3800,3800,1312,0,110.0,272.5765593483232,29.785934999999597,3837.1696110000075,57516.42682926829
1691175936,10,,Aggregated,9.000000,0.000000,110,180,240,310,590,940,2200,2400,3800,3800,3800,1331,0,110.0,271.2818378459804,29.785934999999597,3837.1696110000075,57629.54320060105
1691175937,10,,Aggregated,8.800000,0.000000,110,180,240,310,590,940,2200,2400,3800,3800,3800,1337,0,110.0,270.59684650860135,29.785934999999597,3837.1696110000075,57411.94091249065
1691175938,10,,Aggregated,8.800000,0.000000,110,180,240,300,580,940,2200,2400,3800,3800,3800,1351,0,110.0,268.82442263434496,29.785934999999597,3837.1696110000075,57613.81421169504
1691175939,10,,Aggregated,10.200000,0.000000,110,180,240,300,590,930,2200,2400,3800,3800,3800,1366,0,110.0,269.0690407393852,29.785934999999597,3837.1696110000075,57871.32796486091
1691175940,10,,Aggregated,9.600000,0.000000,110,180,240,310,590,940,2200,2400,3800,3800,3800,1371,0,110.0,270.5761736156091,29.785934999999597,3837.1696110000075,58184.419401896426
1691175941,10,,Aggregated,10.000000,0.000000,110,180,240,310,600,950,2200,2400,3800,3800,3800,1380,0,110.0,272.40908342318846,29.785934999999597,3837.1696110000075,58107.38333333333
1691175942,10,,Aggregated,10.200000,0.000000,110,180,240,310,600,940,2200,2400,3800,3800,3800,1402,0,110.0,270.82470381811703,29.785934999999597,3837.1696110000075,58142.683309557775
1691175943,10,,Aggregated,10.200000,0.000000,110,180,240,310,600,940,2200,2400,3800,3800,3800,1410,0,110.0,270.3217348652483,29.785934999999597,3837.1696110000075,57952.875177304966
1691175944,10,,Aggregated,9.700000,0.000000,110,180,240,310,600,940,2200,2400,3800,3800,3800,1418,0,110.0,269.1771843434415,29.785934999999597,3837.1696110000075,57893.87870239774
1691175945,10,,Aggregated,11.300000,0.000000,110,180,240,310,600,930,2200,2400,3800,3800,3800,1430,0,110.0,268.2774845146854,29.785934999999597,3837.1696110000075,58027.834265734266
1691175946,10,,Aggregated,11.000000,0.000000,110,180,240,310,600,930,2200,2400,3800,3800,3800,1446,0,110.0,268.1973895511757,29.785934999999597,3837.1696110000075,58129.08782849239
1691175947,10,,Aggregated,11.100000,0.000000,110,180,240,310,590,930,2000,2400,3800,3800,3800,1462,0,110.0,266.2255251087552,29.785934999999597,3837.1696110000075,58148.06224350205
1691175948,10,,Aggregated,10.000000,0.000000,110,170,230,300,590,930,2000,2400,3800,3800,3800,1477,0,110.0,264.31985393094124,29.785934999999597,3837.1696110000075,58260.30196343941
1691175950,10,,Aggregated,11.600000,0.000000,110,180,230,310,590,920,2000,2400,3800,3800,3800,1494,0,110.0,264.3015975528784,29.785934999999597,3837.1696110000075,58201.02945113788
1691175951,10,,Aggregated,12.200000,0.000000,110,170,230,300,590,910,2000,2400,3800,3800,3800,1501,0,110.0,263.6480544083945,29.785934999999597,3837.1696110000075,57968.096602265156
1691175952,10,,Aggregated,12.500000,0.000000,110,170,230,300,590,910,2000,2400,3800,3800,3800,1506,0,110.0,263.3017244521913,29.785934999999597,3837.1696110000075,57808.67795484728
1691175953,10,,Aggregated,12.300000,0.000000,110,170,230,300,590,910,2000,2400,3800,3800,3800,1513,0,110.0,262.62370548380716,29.785934999999597,3837.1696110000075,57569.726371447454
1691175954,10,,Aggregated,12.100000,0.000000,110,170,230,300,590,900,2000,2400,3800,3800,3800,1521,0,110.0,261.84096012820527,29.785934999999597,3837.1696110000075,57296.223537146616
1691175955,10,,Aggregated,10.400000,0.000000,110,170,230,300,580,900,2000,2400,3800,3800,3800,1535,0,110.0,261.22750800521186,29.785934999999597,3837.1696110000075,57111.201954397395
1691175956,10,,Aggregated,10.500000,0.000000,110,170,230,300,580,850,2000,2400,3800,3800,3800,1547,0,110.0,260.31328953716877,29.785934999999597,3837.1696110000075,57151.469941822885
1691175957,10,,Aggregated,10.800000,0.000000,110,170,230,300,570,840,2000,2400,3800,3800,3800,1571,0,110.0,258.0101740999364,29.785934999999597,3837.1696110000075,57365.53023551878
1691175958,10,,Aggregated,11.300000,0.000000,110,170,230,300,570,840,2000,2400,3800,3800,3800,1580,0,110.0,257.2187316031647,29.785934999999597,3837.1696110000075,57221.42721518988
1691175959,10,,Aggregated,10.600000,0.000000,110,170,230,300,570,830,2000,2400,3800,3800,3800,1586,0,110.0,256.7527454924339,29.785934999999597,3837.1696110000075,57204.943883984866
1691175961,10,,Aggregated,11.400000,0.000000,110,170,230,290,570,830,2000,2400,3800,3800,3800,1596,0,110.0,255.77175392543867,29.785934999999597,3837.1696110000075,57283.13596491228
1691175962,10,,Aggregated,10.300000,0.000000,110,160,220,290,570,830,2000,2400,3800,3800,3800,1615,0,110.0,253.7321299708979,29.785934999999597,3837.1696110000075,57314.797523219815
1691175963,10,,Aggregated,9.600000,0.000000,110,160,220,290,570,830,2000,2400,3800,3800,3800,1620,0,110.0,253.48979359629638,29.785934999999597,3837.1696110000075,57506.83827160494
1691175965,10,,Aggregated,11.000000,0.000000,110,170,220,290,570,830,2000,2400,3800,3800,3800,1631,0,110.0,254.2193407737585,29.785934999999597,3837.1696110000075,57490.27161250766
1691175966,10,,Aggregated,10.300000,0.000000,110,170,220,290,570,820,2000,2400,3800,3800,3800,1642,0,110.0,254.65723155176616,29.785934999999597,3837.1696110000075,57232.02314250913
1691175967,10,,Aggregated,10.100000,0.000000,110,170,220,290,570,820,2000,2400,3800,3800,3800,1652,0,110.0,254.0095239673124,29.785934999999597,3837.1696110000075,57133.98426150121
1691175968,10,,Aggregated,9.700000,0.000000,110,170,220,290,570,820,2000,2400,3800,3800,3800,1658,0,110.0,253.60537286489748,29.785934999999597,3837.1696110000075,57204.32086851628
1691175969,10,,Aggregated,9.100000,0.000000,110,160,220,290,570,820,2000,2400,3800,3800,3800,1674,0,110.0,252.97355749044203,29.785934999999597,3837.1696110000075,57101.784946236556
1691175970,10,,Aggregated,9.100000,0.000000,110,160,220,290,570,820,2000,2400,3800,3800,3800,1681,0,110.0,252.3308006525877,29.785934999999597,3837.1696110000075,57231.04759071981
1691175971,10,,Aggregated,8.500000,0.000000,110,160,220,290,570,820,2000,2400,3800,3800,3800,1690,0,110.0,251.69286153668628,29.785934999999597,3837.1696110000075,57338.5550295858
1691175973,10,,Aggregated,8.700000,0.000000,110,170,220,290,570,820,2000,2400,3800,3800,3800,1700,0,110.0,252.4010321335293,29.785934999999597,3837.1696110000075,57374.33176470588
